gen,worse,avg,best
0,808.5033333333333,957.3525711540763,1099.503048780488
1,808.5033333333333,976.5929976683203,1099.503048780488
10,1047.752659574468,1103.6234486244816,1110.752659574468
100,1109.2523148148148,1186.0014432473006,1193.252840909091
101,1109.2523148148148,1186.0014432473006,1193.252840909091
102,1115.2527777777777,1186.0406687925638,1193.252840909091
103,1154.252808988764,1190.2079873131472,1193.252840909091
104,1122.7527777777777,1184.714084760651,1193.252840909091
105,1122.7527777777777,1187.268079942134,1193.252840909091
106,1112.2530864197531,1187.1104065496838,1193.252840909091
107,1094.2527777777777,1187.0361130173128,1193.252840909091
108,1094.2527777777777,1187.0412342797465,1193.252840909091
109,1094.2527777777777,1187.2275318469744,1193.252840909091
11,1047.752659574468,1109.0512248593382,1110.752659574468
110,1094.2527777777777,1187.2275318469744,1193.252840909091
111,1122.7527777777777,1187.3640323029392,1193.252840909091
112,1122.7527777777777,1187.3640323029392,1193.252840909091
113,1122.7527777777777,1187.3640323029392,1193.252840909091
114,1122.7527777777777,1187.7514856115215,1193.252840909091
115,1123.5024271844661,1187.7515605764622,1193.252840909091
116,1123.5024271844661,1187.7515605764622,1193.252840909091
117,1133.2526315789473,1187.8212359336621,1193.252840909091
118,1133.2526315789473,1187.8212359336621,1193.252840909091
119,1133.2526315789473,1187.8212359336621,1193.252840909091
12,1091.252808988764,1117.2967831111262,1123.5027777777777
120,1133.2526315789473,1187.8212359336621,1193.252840909091
121,1133.2526315789473,1187.8212359336621,1193.252840909091
122,1139.252688172043,1187.833310839555,1193.252840909091
123,1152.0025773195875,1187.83458582847,1193.252840909091
124,1152.0025773195875,1187.83458582847,1193.252840909091
125,1152.0025773195875,1187.83458582847,1193.252840909091
126,1152.0025773195875,1187.83458582847,1193.252840909091
127,1152.0025773195875,1187.83458582847,1193.252840909091
128,1152.0025773195875,1187.83458582847,1193.252840909091
129,1152.0025773195875,1187.83458582847,1193.252840909091
13,1091.252808988764,1126.3942739840497,1133.2527173913043
130,1152.0025773195875,1187.83458582847,1193.252840909091
131,1152.0025773195875,1187.83458582847,1193.252840909091
132,1167.002688172043,1190.206487282752,1193.252840909091
133,1104.7525510204082,1183.3027937291822,1193.252840909091
134,1104.7525510204082,1182.9360553610659,1193.252840909091
135,1104.7525510204082,1186.4804207145044,1193.252840909091
136,1104.002688172043,1186.4309340749785,1193.252840909091
137,1104.002688172043,1186.4309340749785,1193.252840909091
138,1104.7525510204082,1186.6147594452843,1193.252840909091
139,1117.502688172043,1186.6376338536666,1193.252840909091
14,1091.252808988764,1131.6116440092737,1133.2527173913043
140,1117.502688172043,1186.6376338536666,1193.252840909091
141,1120.5025,1186.638533797215,1193.252840909091
142,1120.5025,1186.751332194756,1193.252840909091
143,1120.5025,1187.9828705080622,1193.252840909091
144,1120.5025,1188.2214530836416,1193.252840909091
145,1120.5025,1188.2214530836416,1193.252840909091
146,1120.5025,1188.2214530836416,1193.252840909091
147,1120.5025,1188.2214530836416,1193.252840909091
148,1132.5025510204082,1243.632767713012,1285.5025773195875
149,1161.7524038461538,1244.5873184760826,1285.5025773195875
15,1092.0027173913043,1131.611719000114,1133.2527173913043
150,1170.7529069767443,1275.5808492602341,1285.5025773195875
151,1170.7529069767443,1283.7124063804822,1285.5025773195875
152,1170.7529069767443,1285.2443528909005,1285.5025773195875
153,1185.0030120481927,1285.3372021615614,1285.5025773195875
154,1222.5025773195875,1285.3561020044278,1285.5025773195875
155,1222.5025773195875,1285.3561020044278,1285.5025773195875
156,1222.5025773195875,1285.439351620012,1285.5025773195875
157,1231.502358490566,1285.4411515762463,1285.5025773195875
158,1231.502358490566,1285.4874265213325,1285.5025773195875
159,1266.0029411764706,1285.4941016310004,1285.5025773195875
16,1094.252808988764,1132.9501676474365,1133.2527173913043
160,1266.0029411764706,1285.4941016310004,1285.5025773195875
161,1266.0029411764706,1285.4941016310004,1285.5025773195875
162,1285.5025773195875,1285.5025773197076,1285.5025773195875
163,1191.752380952381,1277.9198408488094,1285.5025773195875
164,1191.752380952381,1278.1959791010092,1285.5025773195875
165,1189.502232142857,1277.9031140169996,1285.5025773195875
166,1189.502232142857,1277.8589091555768,1285.5025773195875
167,1189.502232142857,1277.9380539681756,1285.5025773195875
168,1191.752380952381,1278.9474111448103,1285.5025773195875
169,1196.252659574468,1278.967211228397,1285.5025773195875
17,1110.752659574468,1133.0161672219774,1133.2527173913043
170,1196.252659574468,1281.6767562316295,1285.5025773195875
171,1210.502232142857,1281.6883807614558,1285.5025773195875
172,1210.502232142857,1281.6889811496535,1285.5025773195875
173,1210.502232142857,1283.0040926732256,1285.5025773195875
174,1222.5024271844661,1284.2127171494142,1285.5025773195875
175,1222.5024271844661,1285.0666888520595,1285.5025773195875
176,1222.5024271844661,1285.0666888520595,1285.5025773195875
177,1250.2522123893805,1285.06946383058,1285.5025773195875
178,1250.2522123893805,1285.06946383058,1285.5025773195875
179,1250.2522123893805,1285.06946383058,1285.5025773195875
18,1110.752659574468,1133.0161672219774,1133.2527173913043
180,1250.2522123893805,1285.06946383058,1285.5025773195875
181,1251.0025510204082,1285.069538864443,1285.5025773195875
182,1263.7524509803923,1285.1574393113146,1285.5025773195875
183,1275.0024752475247,1285.2106889619615,1285.5025773195875
184,1275.0024752475247,1285.2106889619615,1285.5025773195875
185,1275.0024752475247,1285.2106889619615,1285.5025773195875
186,1275.0024752475247,1285.2106889619615,1285.5025773195875
187,1275.0024752475247,1285.2106889619615,1285.5025773195875
188,1275.0024752475247,1285.2106889619615,1285.5025773195875
189,1275.0024752475247,1285.2106889619615,1285.5025773195875
19,1110.752659574468,1133.0161672219774,1133.2527173913043
190,1275.0024752475247,1285.2106889619615,1285.5025773195875
191,1275.0024752475247,1285.2112891524807,1285.5025773195875
192,1275.0024752475247,1285.2112891524807,1285.5025773195875
193,1275.0024752475247,1285.2112891524807,1285.5025773195875
194,1278.0025,1296.0822219707416,1304.2524271844661
195,1278.0025,1296.0822219707416,1304.2524271844661
196,1278.0025,1296.0822219707416,1304.2524271844661
197,1278.0025,1296.0822219707416,1304.2524271844661
198,1278.0025,1296.0822219707416,1304.2524271844661
199,1278.0025,1296.0822219707416,1304.2524271844661
2,823.5028089887641,1023.9775389004379,1099.503048780488
20,1110.752659574468,1133.0161672219774,1133.2527173913043
200,1278.0025,1296.0822219707416,1304.2524271844661
201,1278.0025,1296.0822219707416,1304.2524271844661
202,1278.0025,1296.0822219707416,1304.2524271844661
203,1278.0025,1296.0822219707416,1304.2524271844661
204,1278.0025,1296.0822219707416,1304.2524271844661
205,1278.0025,1296.0822219707416,1304.2524271844661
206,1278.0025,1296.0822219707416,1304.2524271844661
207,1278.0025,1296.0822219707416,1304.2524271844661
208,1278.0025773195875,1296.9080470642473,1304.2524271844661
209,1278.0025773195875,1297.122152454494,1304.2524271844661
21,1110.752659574468,1133.0161672219774,1133.2527173913043
210,1278.7525510204082,1297.122227451864,1304.2524271844661
211,1278.7525510204082,1297.122227451864,1304.2524271844661
212,1278.7525510204082,1297.122227451864,1304.2524271844661
213,1280.2524752475247,1301.998111013479,1304.2524271844661
214,1280.2524752475247,1301.998111013479,1304.2524271844661
215,1280.2524752475247,1301.998111013479,1304.2524271844661
216,1280.2524752475247,1301.998111013479,1304.2524271844661
217,1280.2524752475247,1301.998111013479,1304.2524271844661
218,1280.2524752475247,1301.998111013479,1304.2524271844661
219,1280.2524752475247,1301.998111013479,1304.2524271844661
22,1110.752659574468,1133.0161672219774,1133.2527173913043
220,1280.2524752475247,1301.998111013479,1304.2524271844661
221,1280.2524752475247,1301.998111013479,1304.2524271844661
222,1280.2524752475247,1301.998111013479,1304.2524271844661
223,1280.2524752475247,1301.998111013479,1304.2524271844661
224,1280.2524752475247,1301.998111013479,1304.2524271844661
225,1280.2524752475247,1301.998111013479,1304.2524271844661
226,1280.2524752475247,1301.998111013479,1304.2524271844661
227,1280.2524752475247,1301.998111013479,1304.2524271844661
228,1280.2524752475247,1301.998111013479,1304.2524271844661
229,1280.2524752475247,1301.998111013479,1304.2524271844661
23,1110.752659574468,1133.0161672219774,1133.2527173913043
230,1283.2527472527472,1302.2732043072774,1304.2524271844661
231,1283.2527472527472,1302.2732043072774,1304.2524271844661
232,1283.2527472527472,1302.2732043072774,1304.2524271844661
233,1283.2527472527472,1302.2732043072774,1304.2524271844661
234,1283.2527472527472,1302.2732043072774,1304.2524271844661
235,1283.2527472527472,1302.2732043072774,1304.2524271844661
236,1283.2527472527472,1302.2732043072774,1304.2524271844661
237,1283.2527472527472,1302.2732043072774,1304.2524271844661
238,1283.2527472527472,1302.2732043072774,1304.2524271844661
239,1283.2527472527472,1302.2732043072774,1304.2524271844661
24,1110.752659574468,1133.0161672219774,1133.2527173913043
240,1283.2527472527472,1302.2732043072774,1304.2524271844661
241,1283.2527472527472,1302.2732043072774,1304.2524271844661
242,1283.2527472527472,1302.2732043072774,1304.2524271844661
243,1283.2527472527472,1302.2732043072774,1304.2524271844661
244,1283.2527472527472,1302.2732043072774,1304.2524271844661
245,1283.2527472527472,1302.2732043072774,1304.2524271844661
246,1283.2527472527472,1302.2732043072774,1304.2524271844661
247,1283.2527472527472,1302.2732043072774,1304.2524271844661
248,1283.2527472527472,1302.2732043072774,1304.2524271844661
249,1283.2527472527472,1302.2732043072774,1304.2524271844661
25,1110.752659574468,1133.0161672219774,1133.2527173913043
250,1283.2527472527472,1302.2732043072774,1304.2524271844661
251,1283.2527472527472,1302.2732043072774,1304.2524271844661
252,1283.2527472527472,1302.2732043072774,1304.2524271844661
253,1283.2527472527472,1302.2732043072774,1304.2524271844661
254,1283.2527472527472,1302.2732043072774,1304.2524271844661
255,1283.2527472527472,1302.2732043072774,1304.2524271844661
256,1283.2527472527472,1302.2732043072774,1304.2524271844661
257,1283.2527472527472,1302.2732043072774,1304.2524271844661
258,1283.2527472527472,1302.2732043072774,1304.2524271844661
259,1283.2527472527472,1302.2732043072774,1304.2524271844661
26,1110.752659574468,1133.0161672219774,1133.2527173913043
260,1283.2527472527472,1302.2732043072774,1304.2524271844661
261,1283.2527472527472,1302.2732043072774,1304.2524271844661
262,1283.2527472527472,1302.2732043072774,1304.2524271844661
263,1283.2527472527472,1302.2732043072774,1304.2524271844661
264,1283.2527472527472,1302.2732043072774,1304.2524271844661
265,1283.2527472527472,1302.2732043072774,1304.2524271844661
266,1283.2527472527472,1302.2732043072774,1304.2524271844661
267,1283.2527472527472,1302.2732043072774,1304.2524271844661
268,1283.2527472527472,1302.2732043072774,1304.2524271844661
269,1283.2527472527472,1302.2732043072774,1304.2524271844661
27,1119.7526041666667,1133.107592364041,1133.2527173913043
270,1283.2527472527472,1302.2732043072774,1304.2524271844661
271,1283.2527472527472,1302.2732043072774,1304.2524271844661
272,1283.2527472527472,1302.2732043072774,1304.2524271844661
273,1283.2527472527472,1302.2732043072774,1304.2524271844661
274,1283.2527472527472,1302.2732043072774,1304.2524271844661
275,1283.2527472527472,1302.2732043072774,1304.2524271844661
276,1283.2527472527472,1302.2732043072774,1304.2524271844661
277,1283.2527472527472,1302.2732043072774,1304.2524271844661
278,1285.5025773195875,1302.5821227787037,1304.2524271844661
279,1285.5025773195875,1302.5821227787037,1304.2524271844661
28,1119.7526041666667,1133.107592364041,1133.2527173913043
280,1285.5025773195875,1302.5821227787037,1304.2524271844661
281,1285.5025773195875,1302.5821227787037,1304.2524271844661
282,1285.5025773195875,1302.5821227787037,1304.2524271844661
283,1285.5025773195875,1302.5821227787037,1304.2524271844661
284,1285.5025773195875,1302.5821227787037,1304.2524271844661
285,1285.5025773195875,1302.5821227787037,1304.2524271844661
286,1285.5025773195875,1302.5821227787037,1304.2524271844661
287,1285.5025773195875,1302.5821227787037,1304.2524271844661
288,1285.5025773195875,1302.5821227787037,1304.2524271844661
289,1285.5025773195875,1302.5821227787037,1304.2524271844661
29,1119.7526041666667,1133.107592364041,1133.2527173913043
290,1285.5025773195875,1302.5821227787037,1304.2524271844661
291,1287.752358490566,1302.5848226840803,1304.2524271844661
292,1287.752358490566,1302.5848226840803,1304.2524271844661
293,1287.752358490566,1302.5848226840803,1304.2524271844661
294,1287.752358490566,1302.5848226840803,1304.2524271844661
295,1287.752358490566,1302.5848226840803,1304.2524271844661
296,1287.752358490566,1302.5848226840803,1304.2524271844661
297,1293.752232142857,1303.6379701287542,1304.2524271844661
298,1209.0023148148148,1296.1438022125872,1304.2524271844661
299,1209.0023148148148,1296.0781668885982,1304.2524271844661
3,823.5028089887641,1042.202446463988,1099.503048780488
30,1119.7526041666667,1133.107592364041,1133.2527173913043
300,1209.0023148148148,1297.9557817323391,1304.2524271844661
301,1209.0023148148148,1298.1540447799896,1304.2524271844661
302,1187.2524271844661,1298.142953509103,1304.2524271844661
303,1206.752336448598,1298.1357644383233,1304.2524271844661
304,1209.0023148148148,1298.142514518172,1304.2524271844661
305,1209.0023148148148,1298.2054380407772,1304.2524271844661
306,1217.2523148148148,1298.206263040777,1304.2524271844661
307,1227.7524509803923,1298.2076130747132,1304.2524271844661
308,1243.5024752475247,1300.0718711960762,1304.2524271844661
309,1243.5024752475247,1300.0718711960762,1304.2524271844661
31,1119.7526041666667,1157.582175699313,1176.002688172043
310,1243.5024752475247,1300.0801210143632,1304.2524271844661
311,1249.5022935779816,1300.1607445114569,1304.2524271844661
312,1249.5022935779816,1300.1668946162456,1304.2524271844661
313,1249.5022935779816,1300.1668946162456,1304.2524271844661
314,1249.5022935779816,1300.2070955078527,1304.2524271844661
315,1249.5022935779816,1300.2070955078527,1304.2524271844661
316,1255.5022935779816,1300.2115209604326,1304.2524271844661
317,1255.5022935779816,1301.217512148359,1304.2524271844661
318,1255.5022935779816,1301.217512148359,1304.2524271844661
319,1257.752380952381,1301.2271884201957,1304.2524271844661
32,1119.7526041666667,1171.4165912849421,1176.002688172043
320,1257.752380952381,1301.2271884201957,1304.2524271844661
321,1257.752380952381,1301.2271884201957,1304.2524271844661
322,1257.752380952381,1301.2271884201957,1304.2524271844661
323,1257.752380952381,1301.2271884201957,1304.2524271844661
324,1257.752380952381,1301.2271884201957,1304.2524271844661
325,1260.752808988764,1301.263565401587,1304.2524271844661
326,1260.752808988764,1301.263565401587,1304.2524271844661
327,1260.752808988764,1301.263565401587,1304.2524271844661
328,1272.002192982456,1301.361067706993,1304.2524271844661
329,1272.002192982456,1301.361067706993,1304.2524271844661
33,1126.5027173913043,1175.2255387008345,1176.002688172043
330,1272.002192982456,1301.361067706993,1304.2524271844661
331,1272.002192982456,1301.361067706993,1304.2524271844661
332,1272.002192982456,1301.361067706993,1304.2524271844661
333,1272.002192982456,1301.361067706993,1304.2524271844661
334,1272.002192982456,1301.361067706993,1304.2524271844661
335,1272.002192982456,1301.361067706993,1304.2524271844661
336,1272.002192982456,1301.361067706993,1304.2524271844661
337,1272.002192982456,1301.361067706993,1304.2524271844661
338,1272.002192982456,1301.361067706993,1304.2524271844661
339,1272.002192982456,1301.361067706993,1304.2524271844661
34,1126.5027173913043,1175.8780382567008,1176.002688172043
340,1272.002192982456,1301.361067706993,1304.2524271844661
341,1272.002192982456,1301.361067706993,1304.2524271844661
342,1272.002192982456,1301.361067706993,1304.2524271844661
343,1272.002192982456,1301.98752849214,1304.2524271844661
344,1278.0025510204082,1302.4694135670388,1304.2524271844661
345,1278.0025510204082,1302.4694135670388,1304.2524271844661
346,1278.0025510204082,1302.4694135670388,1304.2524271844661
347,1281.7524271844661,1302.6851935795241,1304.2524271844661
348,1281.7524271844661,1302.6851935795241,1304.2524271844661
349,1281.7524271844661,1302.6851935795241,1304.2524271844661
35,1126.5027173913043,1175.8780382567008,1176.002688172043
350,1281.7524271844661,1302.6851935795241,1304.2524271844661
351,1281.7524271844661,1302.6851935795241,1304.2524271844661
352,1281.7524271844661,1302.6851935795241,1304.2524271844661
353,1281.7524271844661,1302.6851935795241,1304.2524271844661
354,1281.7524271844661,1302.6851935795241,1304.2524271844661
355,1281.7524271844661,1302.6851935795241,1304.2524271844661
356,1281.7524271844661,1302.9179826019797,1304.2524271844661
357,1281.7524271844661,1302.9179826019797,1304.2524271844661
358,1281.7524271844661,1302.9179826019797,1304.2524271844661
359,1281.7524271844661,1302.9179826019797,1304.2524271844661
36,1130.252840909091,1175.8784132690525,1176.002688172043
360,1281.7524271844661,1302.9179826019797,1304.2524271844661
361,1281.7524271844661,1302.9179826019797,1304.2524271844661
362,1281.7524271844661,1302.9179826019797,1304.2524271844661
363,1281.7524271844661,1302.9179826019797,1304.2524271844661
364,1281.7524271844661,1302.9179826019797,1304.2524271844661
365,1281.7524271844661,1302.9179826019797,1304.2524271844661
366,1281.7524271844661,1302.9179826019797,1304.2524271844661
367,1281.7524271844661,1302.9179826019797,1304.2524271844661
368,1281.7524271844661,1302.9179826019797,1304.2524271844661
369,1281.7524271844661,1302.9179826019797,1304.2524271844661
37,1130.252840909091,1175.8784132690525,1176.002688172043
370,1281.7524271844661,1302.9179826019797,1304.2524271844661
371,1281.7524271844661,1302.9179826019797,1304.2524271844661
372,1281.7524271844661,1302.9179826019797,1304.2524271844661
373,1281.7524271844661,1302.9179826019797,1304.2524271844661
374,1281.7524271844661,1302.9179826019797,1304.2524271844661
375,1281.7524271844661,1302.9179826019797,1304.2524271844661
376,1285.5022522522522,1302.9183575844866,1304.2524271844661
377,1285.5022522522522,1302.9183575844866,1304.2524271844661
378,1285.5022522522522,1302.9183575844866,1304.2524271844661
379,1285.5022522522522,1302.9183575844866,1304.2524271844661
38,1133.2527173913043,1175.9462131121597,1176.002688172043
380,1285.5022522522522,1302.9183575844866,1304.2524271844661
381,1285.5022522522522,1302.9183575844866,1304.2524271844661
382,1285.5022522522522,1302.9183575844866,1304.2524271844661
383,1285.5022522522522,1302.9183575844866,1304.2524271844661
384,1285.5022522522522,1302.9183575844866,1304.2524271844661
385,1285.5022522522522,1302.9183575844866,1304.2524271844661
386,1285.5022522522522,1302.9183575844866,1304.2524271844661
387,1285.5022522522522,1302.9183575844866,1304.2524271844661
388,1285.5022522522522,1302.9183575844866,1304.2524271844661
389,1285.5022522522522,1302.9183575844866,1304.2524271844661
39,1133.2527173913043,1175.9462131121597,1176.002688172043
390,1296.7523148148148,1303.659137389194,1304.2524271844661
391,1192.5024509803923,1294.595539834265,1304.2524271844661
392,1192.5024509803923,1297.79343962579,1304.2524271844661
393,1192.5024509803923,1297.508983282641,1304.2524271844661
394,1192.5024509803923,1297.4459793632598,1304.2524271844661
395,1192.5024509803923,1298.3761268605547,1304.2524271844661
396,1192.5024509803923,1298.4526266504706,1304.2524271844661
397,1192.5024509803923,1298.4526266504706,1304.2524271844661
398,1192.5024509803923,1298.4526266504706,1304.2524271844661
399,1218.002380952381,1298.8531389377836,1304.2524271844661
4,844.5027777777777,1052.0780521790196,1099.503048780488
40,1133.2527173913043,1175.9462131121597,1176.002688172043
400,1218.002380952381,1298.8531389377836,1304.2524271844661
401,1218.002380952381,1298.8531389377836,1304.2524271844661
402,1218.002380952381,1298.8583889288827,1304.2524271844661
403,1251.0022935779816,1299.0909566551334,1304.2524271844661
404,1251.0022935779816,1299.0909566551334,1304.2524271844661
405,1251.0022935779816,1299.0909566551334,1304.2524271844661
406,1251.0022935779816,1300.4884456268926,1304.2524271844661
407,1251.0022935779816,1300.4884456268926,1304.2524271844661
408,1251.0022935779816,1300.4884456268926,1304.2524271844661
409,1251.0022935779816,1300.4884456268926,1304.2524271844661
41,1133.2527173913043,1175.9502630686814,1176.002688172043
410,1251.0022935779816,1301.23236722891,1304.2524271844661
411,1251.0022935779816,1301.23236722891,1304.2524271844661
412,1251.0022935779816,1301.23236722891,1304.2524271844661
413,1251.0022935779816,1301.23236722891,1304.2524271844661
414,1251.0022935779816,1301.23236722891,1304.2524271844661
415,1251.0022935779816,1301.23236722891,1304.2524271844661
416,1251.0022935779816,1301.23236722891,1304.2524271844661
417,1251.0022935779816,1301.23236722891,1304.2524271844661
418,1251.0022935779816,1301.23236722891,1304.2524271844661
419,1251.0022935779816,1301.23236722891,1304.2524271844661
42,1133.2527173913043,1175.950488044467,1176.002688172043
420,1258.5023148148148,1301.9069128139186,1304.2524271844661
421,1258.5023148148148,1301.927011743924,1304.2524271844661
422,1258.5023148148148,1301.927011743924,1304.2524271844661
423,1258.5023148148148,1301.927011743924,1304.2524271844661
424,1258.5023148148148,1301.927011743924,1304.2524271844661
425,1275.0025,1302.0422868004243,1304.2524271844661
426,1275.0025,1302.0422868004243,1304.2524271844661
427,1275.0025,1302.0422868004243,1304.2524271844661
428,1275.0025,1302.0422868004243,1304.2524271844661
429,1275.0025,1302.0422868004243,1304.2524271844661
43,1133.2527173913043,1175.950488044467,1176.002688172043
430,1275.0025,1302.0422868004243,1304.2524271844661
431,1275.0025,1302.0422868004243,1304.2524271844661
432,1275.0025,1302.0422868004243,1304.2524271844661
433,1275.0025,1302.0422868004243,1304.2524271844661
434,1275.0025,1302.0422868004243,1304.2524271844661
435,1275.0025,1302.0422868004243,1304.2524271844661
436,1275.0025,1302.0422868004243,1304.2524271844661
437,1275.0025,1302.0422868004243,1304.2524271844661
438,1275.0025,1302.0422868004243,1304.2524271844661
439,1275.0025,1302.0422868004243,1304.2524271844661
44,1133.2527173913043,1175.950488044467,1176.002688172043
440,1275.0025,1302.0422868004243,1304.2524271844661
441,1275.0025,1302.0422868004243,1304.2524271844661
442,1275.0025,1302.0422868004243,1304.2524271844661
443,1275.0025,1302.0422868004243,1304.2524271844661
444,1275.0025,1302.0422868004243,1304.2524271844661
445,1275.0025,1302.0422868004243,1304.2524271844661
446,1275.0025,1302.0422868004243,1304.2524271844661
447,1275.0025,1302.0422868004243,1304.2524271844661
448,1275.0025,1302.0422868004243,1304.2524271844661
449,1275.0025,1302.0422868004243,1304.2524271844661
45,1133.2527173913043,1175.950488044467,1176.002688172043
450,1275.0025,1302.0422868004243,1304.2524271844661
451,1275.0025,1302.0422868004243,1304.2524271844661
452,1275.0025,1302.0422868004243,1304.2524271844661
453,1275.0025,1302.0422868004243,1304.2524271844661
454,1275.0025,1302.0422868004243,1304.2524271844661
455,1275.0025,1302.0422868004243,1304.2524271844661
456,1275.0025,1302.0422868004243,1304.2524271844661
457,1281.0024271844661,1302.050911839541,1304.2524271844661
458,1281.752232142857,1302.0512117615244,1304.2524271844661
459,1283.2524038461538,1302.0518118302055,1304.2524271844661
46,1149.7529411764706,1175.9535631134386,1176.002688172043
460,1283.2524038461538,1302.0518118302055,1304.2524271844661
461,1283.2524038461538,1302.0518118302055,1304.2524271844661
462,1283.2524038461538,1302.0518118302055,1304.2524271844661
463,1283.2524038461538,1302.0518118302055,1304.2524271844661
464,1283.2524038461538,1302.0518118302055,1304.2524271844661
465,1283.2524038461538,1302.0518118302055,1304.2524271844661
466,1283.2524038461538,1302.0518118302055,1304.2524271844661
467,1283.2524038461538,1302.0518118302055,1304.2524271844661
468,1283.2524038461538,1302.0518118302055,1304.2524271844661
469,1283.2524038461538,1302.0518118302055,1304.2524271844661
47,1149.7529411764706,1175.9535631134386,1176.002688172043
470,1283.2524038461538,1302.0518118302055,1304.2524271844661
471,1287.752380952381,1303.6573040507237,1304.2524271844661
472,1266.7522727272728,1300.7591614250125,1304.2524271844661
473,1196.2524038461538,1298.7649579560953,1304.2524271844661
474,1196.2524038461538,1300.7871178897703,1304.2524271844661
475,1196.2524038461538,1300.9015304254224,1304.2524271844661
476,1196.2524038461538,1301.0878692040342,1304.2524271844661
477,1196.2524038461538,1301.0907942111744,1304.2524271844661
478,1196.2524038461538,1301.0921441791668,1304.2524271844661
479,1242.0025,1301.1018190924237,1304.2524271844661
48,1149.7529411764706,1175.9535631134386,1176.002688172043
480,1242.0025,1301.1018190924237,1304.2524271844661
481,1242.0025,1301.1018190924237,1304.2524271844661
482,1242.0025,1301.1018190924237,1304.2524271844661
483,1242.0025,1301.1018190924237,1304.2524271844661
484,1248.002336448598,1301.2838408826779,1304.2524271844661
485,1248.002336448598,1301.2838408826779,1304.2524271844661
486,1248.002336448598,1301.2838408826779,1304.2524271844661
487,1248.002336448598,1301.2838408826779,1304.2524271844661
488,1248.002336448598,1301.2838408826779,1304.2524271844661
489,1248.002336448598,1301.2838408826779,1304.2524271844661
49,1149.7529411764706,1175.9535631134386,1176.002688172043
490,1248.002336448598,1301.2838408826779,1304.2524271844661
491,1251.0025,1301.284140899033,1304.2524271844661
492,1251.0025,1301.284140899033,1304.2524271844661
493,1251.0025,1301.284140899033,1304.2524271844661
494,1251.0025,1301.284140899033,1304.2524271844661
495,1251.0025,1301.284140899033,1304.2524271844661
496,1251.0025,1301.284140899033,1304.2524271844661
497,1251.0025,1301.284140899033,1304.2524271844661
498,1251.0025,1301.284140899033,1304.2524271844661
499,1251.0025,1301.284140899033,1304.2524271844661
5,867.7526041666666,1067.0163510547493,1099.503048780488
50,1149.7529411764706,1175.9535631134386,1176.002688172043
500,1251.0025,1301.284140899033,1304.2524271844661
501,1270.5025773195875,1301.300190783627,1304.2524271844661
502,1270.5025773195875,1301.300190783627,1304.2524271844661
503,1270.5025773195875,1301.300190783627,1304.2524271844661
504,1270.5025773195875,1301.300190783627,1304.2524271844661
505,1270.5025773195875,1301.300190783627,1304.2524271844661
506,1270.5025773195875,1301.300190783627,1304.2524271844661
507,1270.5025773195875,1301.300190783627,1304.2524271844661
508,1270.5025773195875,1301.300190783627,1304.2524271844661
509,1270.5025773195875,1301.300190783627,1304.2524271844661
51,1149.7529411764706,1175.9535631134386,1176.002688172043
510,1270.5025773195875,1301.300190783627,1304.2524271844661
511,1270.5025773195875,1301.300190783627,1304.2524271844661
512,1270.5025773195875,1301.300190783627,1304.2524271844661
513,1270.5025773195875,1301.300190783627,1304.2524271844661
514,1270.5025773195875,1302.2858999149908,1304.2524271844661
515,1280.2523148148148,1302.4800718067588,1304.2524271844661
516,1280.2523148148148,1302.5076713108767,1304.2524271844661
517,1280.2523148148148,1303.1451765551133,1304.2524271844661
518,1280.2523148148148,1303.1451765551133,1304.2524271844661
519,1280.2523148148148,1303.1451765551133,1304.2524271844661
52,1149.7529411764706,1175.9535631134386,1176.002688172043
520,1280.2523148148148,1303.1451765551133,1304.2524271844661
521,1280.2523148148148,1303.1451765551133,1304.2524271844661
522,1280.2523148148148,1303.1451765551133,1304.2524271844661
523,1280.2523148148148,1303.1451765551133,1304.2524271844661
524,1280.2523148148148,1303.1451765551133,1304.2524271844661
525,1280.2523148148148,1303.1451765551133,1304.2524271844661
526,1280.2523148148148,1303.1451765551133,1304.2524271844661
527,1280.2523148148148,1303.1451765551133,1304.2524271844661
528,1284.752659574468,1303.1460765808213,1304.2524271844661
529,1284.752659574468,1303.1460765808213,1304.2524271844661
53,1149.7529411764706,1175.9535631134386,1176.002688172043
530,1284.752659574468,1303.1460765808213,1304.2524271844661
531,1284.752659574468,1303.1460765808213,1304.2524271844661
532,1284.752659574468,1303.1460765808213,1304.2524271844661
533,1284.752659574468,1303.1460765808213,1304.2524271844661
534,1284.752659574468,1303.1460765808213,1304.2524271844661
535,1284.752659574468,1303.1460765808213,1304.2524271844661
536,1284.752659574468,1303.1460765808213,1304.2524271844661
537,1284.752659574468,1303.1460765808213,1304.2524271844661
538,1284.752659574468,1303.1460765808213,1304.2524271844661
539,1284.752659574468,1303.1460765808213,1304.2524271844661
54,1149.7529411764706,1175.9535631134386,1176.002688172043
540,1284.752659574468,1303.1460765808213,1304.2524271844661
541,1284.752659574468,1303.1460765808213,1304.2524271844661
542,1284.752659574468,1303.1460765808213,1304.2524271844661
543,1284.752659574468,1303.1460765808213,1304.2524271844661
544,1284.752659574468,1303.1460765808213,1304.2524271844661
545,1284.752659574468,1303.1460765808213,1304.2524271844661
546,1284.752659574468,1303.1460765808213,1304.2524271844661
547,1284.752659574468,1303.1460765808213,1304.2524271844661
548,1284.752659574468,1303.1460765808213,1304.2524271844661
549,1299.7525252525252,1303.6804723109137,1304.2524271844661
55,1149.7529411764706,1175.9535631134386,1176.002688172043
550,1213.5022727272728,1296.4968321149945,1304.2524271844661
551,1194.0022522522522,1294.6342298102695,1304.2524271844661
552,1194.0022522522522,1299.5231065265743,1304.2524271844661
553,1194.0022522522522,1302.5734741788065,1304.2524271844661
554,1194.0022522522522,1302.56812834724,1304.2524271844661
555,1194.0022522522522,1302.56812834724,1304.2524271844661
556,1213.5022727272728,1303.2879454419274,1304.2524271844661
557,1213.5022727272728,1303.2879454419274,1304.2524271844661
558,1213.5022727272728,1303.2964204955827,1304.2524271844661
559,1236.0027472527472,1303.2986705430353,1304.2524271844661
56,1149.7529411764706,1175.9535631134386,1176.002688172043
560,1239.7525773195875,1303.3204955541605,1304.2524271844661
561,1251.7523148148148,1303.3240954754092,1304.2524271844661
562,1251.7523148148148,1303.3252955500805,1304.2524271844661
563,1251.7523148148148,1303.3252955500805,1304.2524271844661
564,1251.7523148148148,1303.3252955500805,1304.2524271844661
565,1251.7523148148148,1303.3252955500805,1304.2524271844661
566,1251.7523148148148,1303.3252955500805,1304.2524271844661
567,1251.7523148148148,1303.3252955500805,1304.2524271844661
568,1251.7523148148148,1303.3252955500805,1304.2524271844661
569,1251.7523148148148,1303.3252955500805,1304.2524271844661
57,1160.252659574468,1181.1108227411867,1185.0030120481927
570,1272.7524509803923,1303.331895696857,1304.2524271844661
571,1272.7524509803923,1303.331895696857,1304.2524271844661
572,1272.7524509803923,1303.337820490084,1304.2524271844661
573,1272.7524509803923,1303.337820490084,1304.2524271844661
574,1272.7524509803923,1303.337820490084,1304.2524271844661
575,1272.7524509803923,1303.337820490084,1304.2524271844661
576,1272.7524509803923,1303.337820490084,1304.2524271844661
577,1279.5024271844661,1303.3384956905916,1304.2524271844661
578,1279.5024271844661,1303.3384956905916,1304.2524271844661
579,1279.5024271844661,1303.3384956905916,1304.2524271844661
58,1160.252659574468,1184.0237770255767,1185.0030120481927
580,1279.5025252525252,1303.3609953511786,1304.2524271844661
581,1279.5025252525252,1303.3609953511786,1304.2524271844661
582,1301.2521551724137,1303.691636110065,1304.2524271844661
583,1224.002192982456,1297.4336446203981,1304.2524271844661
584,1209.0020161290322,1295.6939478238187,1304.2524271844661
585,1209.0020161290322,1298.5463368630224,1304.2524271844661
586,1209.0020161290322,1298.798758272148,1304.2524271844661
587,1224.002192982456,1299.1103140140215,1304.2524271844661
588,1224.002192982456,1299.1367143224768,1304.2524271844661
589,1242.0024038461538,1299.13911449865,1304.2524271844661
59,1160.252659574468,1184.0237770255767,1185.0030120481927
590,1242.0024038461538,1299.13911449865,1304.2524271844661
591,1242.0024038461538,1299.13911449865,1304.2524271844661
592,1242.0024038461538,1299.13911449865,1304.2524271844661
593,1242.0024038461538,1299.13911449865,1304.2524271844661
594,1242.0024038461538,1306.82326815543,1312.5022522522522
595,1248.7521551724137,1311.1335245553737,1312.5022522522522
596,1258.5024271844661,1311.148675472777,1312.5022522522522
597,1258.5024271844661,1311.3628732132347,1312.5022522522522
598,1260.0025252525252,1312.2897813553495,1312.5022522522522
599,1260.0025252525252,1312.2897813553495,1312.5022522522522
6,867.7526041666666,1082.3808673056753,1099.503048780488
60,1160.252659574468,1184.0237770255767,1185.0030120481927
600,1260.0025252525252,1312.2897813553495,1312.5022522522522
601,1260.0025252525252,1312.2897813553495,1312.5022522522522
602,1260.0025252525252,1312.2897813553495,1312.5022522522522
603,1260.0025252525252,1312.2994562115523,1312.5022522522522
604,1273.5021739130434,1312.3008061764183,1312.5022522522522
605,1284.7522522522522,1312.303731155128,1312.5022522522522
606,1284.7522522522522,1312.303731155128,1312.5022522522522
607,1284.7522522522522,1312.303731155128,1312.5022522522522
608,1312.5022522522522,1312.5022522522738,1312.5022522522522
609,1312.5022522522522,1312.5022522522636,1312.5022522522522
61,1160.252659574468,1184.0237770255767,1185.0030120481927
610,1197.7524038461538,1301.9694290391212,1312.5022522522522
611,1197.7524038461538,1299.5265148670896,1312.5022522522522
612,1197.7524038461538,1306.179346778344,1312.5022522522522
613,1197.7524038461538,1307.375477605856,1312.5022522522522
614,1197.7524038461538,1307.3775282130725,1312.5022522522522
615,1207.5024271844661,1307.3804532200743,1312.5022522522522
616,1210.502358490566,1307.3937287497827,1312.5022522522522
617,1210.502358490566,1307.3937287497827,1312.5022522522522
618,1210.502358490566,1307.3937287497827,1312.5022522522522
619,1210.502358490566,1309.0701634525485,1312.5022522522522
62,1160.252659574468,1184.0237770255767,1185.0030120481927
620,1210.502358490566,1309.097463351538,1312.5022522522522
621,1230.002358490566,1309.0994133515378,1312.5022522522522
622,1253.252380952381,1309.5560463111415,1312.5022522522522
623,1253.252380952381,1309.5560463111415,1312.5022522522522
624,1271.2524752475247,1309.6419139968032,1312.5022522522522
625,1271.2524752475247,1309.6419139968032,1312.5022522522522
626,1271.2524752475247,1309.6419139968032,1312.5022522522522
627,1271.2524752475247,1309.6419139968032,1312.5022522522522
628,1271.2524752475247,1309.6455889150739,1312.5022522522522
629,1273.5024752475247,1309.6458139150739,1312.5022522522522
63,1160.252659574468,1184.0237770255767,1185.0030120481927
630,1273.5024752475247,1309.6458139150739,1312.5022522522522
631,1273.5024752475247,1309.6458139150739,1312.5022522522522
632,1273.5024752475247,1309.6458139150739,1312.5022522522522
633,1276.502358490566,1310.6812863398825,1312.5022522522522
634,1276.502358490566,1310.6812863398825,1312.5022522522522
635,1276.502358490566,1310.6812863398825,1312.5022522522522
636,1276.502358490566,1310.6812863398825,1312.5022522522522
637,1276.502358490566,1310.6812863398825,1312.5022522522522
638,1276.502358490566,1310.6812863398825,1312.5022522522522
639,1276.502358490566,1310.6812863398825,1312.5022522522522
64,1160.252659574468,1184.0237770255767,1185.0030120481927
640,1276.502358490566,1310.6812863398825,1312.5022522522522
641,1276.502358490566,1310.6812863398825,1312.5022522522522
642,1276.502358490566,1310.6812863398825,1312.5022522522522
643,1276.502358490566,1310.6812863398825,1312.5022522522522
644,1276.502358490566,1310.6812863398825,1312.5022522522522
645,1276.502358490566,1310.6812863398825,1312.5022522522522
646,1276.502358490566,1310.6812863398825,1312.5022522522522
647,1276.502358490566,1310.6812863398825,1312.5022522522522
648,1276.502358490566,1310.6812863398825,1312.5022522522522
649,1276.502358490566,1310.6812863398825,1312.5022522522522
65,1160.252659574468,1184.0237770255767,1185.0030120481927
650,1276.502358490566,1310.6812863398825,1312.5022522522522
651,1276.502358490566,1310.6812863398825,1312.5022522522522
652,1276.502358490566,1310.6812863398825,1312.5022522522522
653,1276.502358490566,1310.6812863398825,1312.5022522522522
654,1276.502358490566,1310.6812863398825,1312.5022522522522
655,1276.502358490566,1310.6812863398825,1312.5022522522522
656,1276.502358490566,1310.6812863398825,1312.5022522522522
657,1276.502358490566,1310.6812863398825,1312.5022522522522
658,1276.502358490566,1310.6812863398825,1312.5022522522522
659,1276.502358490566,1310.6812863398825,1312.5022522522522
66,1160.252659574468,1184.0237770255767,1185.0030120481927
660,1276.502358490566,1310.6812863398825,1312.5022522522522
661,1276.502358490566,1310.841488695368,1312.5022522522522
662,1299.0025773195875,1312.224758934206,1312.5022522522522
663,1188.002380952381,1302.3642264757357,1312.5022522522522
664,1188.002380952381,1306.4672450516368,1312.5022522522522
665,1184.2521739130434,1306.0269625978224,1312.5022522522522
666,1184.2521739130434,1306.8253948495885,1312.5022522522522
667,1188.002380952381,1306.9271155431015,1312.5022522522522
668,1188.002380952381,1307.5357862319154,1312.5022522522522
669,1244.2522727272728,1307.54730781563,1312.5022522522522
67,1160.252659574468,1184.0237770255767,1185.0030120481927
670,1244.2522727272728,1307.54730781563,1312.5022522522522
671,1244.2522727272728,1308.8227080655695,1312.5022522522522
672,1250.2525252525252,1308.8317079898115,1312.5022522522522
673,1250.2525252525252,1308.8317079898115,1312.5022522522522
674,1250.2525252525252,1308.8317079898115,1312.5022522522522
675,1260.0024509803923,1308.8326829823843,1312.5022522522522
676,1260.0024509803923,1308.8326829823843,1312.5022522522522
677,1260.0024509803923,1308.8326829823843,1312.5022522522522
678,1260.0024509803923,1308.8326829823843,1312.5022522522522
679,1262.252380952381,1308.8329079753814,1312.5022522522522
68,1160.252659574468,1184.0237770255767,1185.0030120481927
680,1262.252380952381,1308.8329079753814,1312.5022522522522
681,1262.252380952381,1308.8329079753814,1312.5022522522522
682,1262.252380952381,1308.8329079753814,1312.5022522522522
683,1262.252380952381,1308.9067116321276,1312.5022522522522
684,1266.7522123893805,1309.9995315794897,1312.5022522522522
685,1266.7522123893805,1309.9995315794897,1312.5022522522522
686,1266.7522123893805,1309.9995315794897,1312.5022522522522
687,1266.7522123893805,1309.9995315794897,1312.5022522522522
688,1266.7522123893805,1309.9995315794897,1312.5022522522522
689,1266.7522123893805,1310.7417348454394,1312.5022522522522
69,1160.252659574468,1184.0237770255767,1185.0030120481927
690,1266.7522123893805,1310.7417348454394,1312.5022522522522
691,1266.7522123893805,1310.7417348454394,1312.5022522522522
692,1270.5025,1310.8722354716056,1312.5022522522522
693,1270.5025,1310.8722354716056,1312.5022522522522
694,1270.5025,1310.8722354716056,1312.5022522522522
695,1270.5025,1310.8722354716056,1312.5022522522522
696,1270.5025,1310.8722354716056,1312.5022522522522
697,1270.5025,1310.8722354716056,1312.5022522522522
698,1270.5025,1310.8722354716056,1312.5022522522522
699,1270.5025,1310.8722354716056,1312.5022522522522
7,881.2529761904761,1091.3643159055157,1099.503048780488
70,1160.252659574468,1184.0237770255767,1185.0030120481927
700,1270.5025,1310.8722354716056,1312.5022522522522
701,1270.5025,1311.3987105508363,1312.5022522522522
702,1270.5025,1311.3987105508363,1312.5022522522522
703,1270.5025,1311.3987105508363,1312.5022522522522
704,1270.5025,1311.3987105508363,1312.5022522522522
705,1270.5025,1311.3987105508363,1312.5022522522522
706,1270.5025,1311.3987105508363,1312.5022522522522
707,1270.5025,1311.3987105508363,1312.5022522522522
708,1270.5025,1311.3987105508363,1312.5022522522522
709,1270.5025,1311.3987105508363,1312.5022522522522
71,1160.252659574468,1184.0237770255767,1185.0030120481927
710,1270.5025,1311.3987105508363,1312.5022522522522
711,1270.5025,1311.3987105508363,1312.5022522522522
712,1270.5025,1311.3987105508363,1312.5022522522522
713,1281.0025510204082,1311.4861569820066,1312.5022522522522
714,1281.0025510204082,1311.4861569820066,1312.5022522522522
715,1281.0025510204082,1311.4861569820066,1312.5022522522522
716,1281.0025510204082,1311.4861569820066,1312.5022522522522
717,1281.0025510204082,1311.4861569820066,1312.5022522522522
718,1281.0025510204082,1311.4861569820066,1312.5022522522522
719,1281.0025510204082,1311.4861569820066,1312.5022522522522
72,1160.252659574468,1184.0237770255767,1185.0030120481927
720,1281.0025510204082,1311.4861569820066,1312.5022522522522
721,1281.0025510204082,1311.4861569820066,1312.5022522522522
722,1281.0025510204082,1311.4861569820066,1312.5022522522522
723,1287.0024752475247,1311.486756974429,1312.5022522522522
724,1287.0024752475247,1311.486756974429,1312.5022522522522
725,1287.0024752475247,1311.486756974429,1312.5022522522522
726,1287.0024752475247,1311.486756974429,1312.5022522522522
727,1287.0024752475247,1311.486756974429,1312.5022522522522
728,1287.0024752475247,1311.486756974429,1312.5022522522522
729,1287.0024752475247,1311.486756974429,1312.5022522522522
73,1160.252659574468,1184.0237770255767,1185.0030120481927
730,1287.0024752475247,1311.486756974429,1312.5022522522522
731,1287.0024752475247,1311.486756974429,1312.5022522522522
732,1287.0024752475247,1311.486756974429,1312.5022522522522
733,1287.0024752475247,1311.486756974429,1312.5022522522522
734,1287.0024752475247,1311.486756974429,1312.5022522522522
735,1287.0024752475247,1311.486756974429,1312.5022522522522
736,1287.0024752475247,1311.486756974429,1312.5022522522522
737,1287.0024752475247,1311.486756974429,1312.5022522522522
738,1287.0024752475247,1311.486756974429,1312.5022522522522
739,1287.0024752475247,1311.486756974429,1312.5022522522522
74,1160.252659574468,1184.0237770255767,1185.0030120481927
740,1287.0024752475247,1311.486756974429,1312.5022522522522
741,1287.0024752475247,1311.486756974429,1312.5022522522522
742,1287.0024752475247,1311.486756974429,1312.5022522522522
743,1287.0024752475247,1311.486756974429,1312.5022522522522
744,1287.0024752475247,1311.486756974429,1312.5022522522522
745,1287.0024752475247,1311.486756974429,1312.5022522522522
746,1287.0024752475247,1311.486756974429,1312.5022522522522
747,1287.0024752475247,1311.486756974429,1312.5022522522522
748,1287.0024752475247,1311.486756974429,1312.5022522522522
749,1287.0024752475247,1311.486756974429,1312.5022522522522
75,1160.252659574468,1184.0237770255767,1185.0030120481927
750,1287.0024752475247,1311.486756974429,1312.5022522522522
751,1287.0024752475247,1311.486756974429,1312.5022522522522
752,1287.0024752475247,1311.486756974429,1312.5022522522522
753,1287.0024752475247,1311.486756974429,1312.5022522522522
754,1287.0024752475247,1311.486756974429,1312.5022522522522
755,1287.0024752475247,1312.9500563513793,1314.0024752475247
756,1287.0024752475247,1312.9500563513793,1314.0024752475247
757,1287.0024752475247,1312.9500563513793,1314.0024752475247
758,1299.0025252525252,1313.748801511831,1314.0024752475247
759,1299.0025252525252,1313.748801511831,1314.0024752475247
76,1160.252659574468,1184.0237770255767,1185.0030120481927
760,1299.0025252525252,1313.748801511831,1314.0024752475247
761,1299.0025773195875,1313.9454703189097,1314.0024752475247
762,1299.0025773195875,1313.9454703189097,1314.0024752475247
763,1299.0025773195875,1313.9454703189097,1314.0024752475247
764,1299.0025773195875,1313.9454703189097,1314.0024752475247
765,1299.7524509803923,1313.9455453062758,1314.0024752475247
766,1299.7524509803923,1313.9455453062758,1314.0024752475247
767,1299.7524509803923,1313.9455453062758,1314.0024752475247
768,1299.7524509803923,1313.9455453062758,1314.0024752475247
769,1299.7524509803923,1313.9455453062758,1314.0024752475247
77,1160.252659574468,1184.0266270683746,1185.0030120481927
770,1299.7524509803923,1313.9455453062758,1314.0024752475247
771,1299.7524509803923,1313.9455453062758,1314.0024752475247
772,1299.7524509803923,1313.9455453062758,1314.0024752475247
773,1299.7524509803923,1313.9455453062758,1314.0024752475247
774,1299.7524509803923,1313.9455453062758,1314.0024752475247
775,1299.7524509803923,1313.9455453062758,1314.0024752475247
776,1299.7524509803923,1313.9455453062758,1314.0024752475247
777,1299.7524509803923,1313.9455453062758,1314.0024752475247
778,1299.7524509803923,1313.9455453062758,1314.0024752475247
779,1299.7524509803923,1313.9455453062758,1314.0024752475247
78,1160.252659574468,1184.0266270683746,1185.0030120481927
780,1299.7524509803923,1313.9455453062758,1314.0024752475247
781,1299.7524509803923,1313.9455453062758,1314.0024752475247
782,1299.7524509803923,1313.9455453062758,1314.0024752475247
783,1299.7524509803923,1313.9455453062758,1314.0024752475247
784,1299.7524509803923,1313.9455453062758,1314.0024752475247
785,1299.7524509803923,1313.9455453062758,1314.0024752475247
786,1299.7524509803923,1313.9455453062758,1314.0024752475247
787,1299.7524509803923,1313.9455453062758,1314.0024752475247
788,1299.7524509803923,1313.9455453062758,1314.0024752475247
789,1299.7524509803923,1313.9455453062758,1314.0024752475247
79,1160.252659574468,1184.0266270683746,1185.0030120481927
790,1299.7524509803923,1313.9455453062758,1314.0024752475247
791,1299.7524509803923,1313.9455453062758,1314.0024752475247
792,1299.7524509803923,1313.9455453062758,1314.0024752475247
793,1299.7524509803923,1313.9455453062758,1314.0024752475247
794,1299.7524509803923,1313.9455453062758,1314.0024752475247
795,1299.7524509803923,1313.9455453062758,1314.0024752475247
796,1303.502336448598,1325.1296978310754,1333.5022123893805
797,1304.2522727272728,1331.5108386439201,1333.5022123893805
798,1304.2522727272728,1333.1307422969496,1333.5022123893805
799,1304.2522727272728,1333.4329882894638,1333.5022123893805
8,914.2527777777777,1093.766137964378,1099.503048780488
80,1160.252659574468,1184.0266270683746,1185.0030120481927
800,1314.0024752475247,1333.4924625211463,1333.5022123893805
801,1314.0024752475247,1333.4924625211463,1333.5022123893805
802,1314.0024752475247,1333.4924625211463,1333.5022123893805
803,1314.0024752475247,1333.4924625211463,1333.5022123893805
804,1314.0024752475247,1333.4924625211463,1333.5022123893805
805,1314.0024752475247,1333.4924625211463,1333.5022123893805
806,1314.0024752475247,1333.4924625211463,1333.5022123893805
807,1314.0024752475247,1333.4924625211463,1333.5022123893805
808,1314.0024752475247,1333.4924625211463,1333.5022123893805
809,1314.0024752475247,1333.4924625211463,1333.5022123893805
81,1160.252659574468,1189.2561491885283,1193.252840909091
810,1314.0024752475247,1333.4924625211463,1333.5022123893805
811,1314.0024752475247,1333.4924625211463,1333.5022123893805
812,1314.0024752475247,1333.4924625211463,1333.5022123893805
813,1314.0024752475247,1333.4924625211463,1333.5022123893805
814,1333.5022123893805,1333.5022123896529,1333.5022123893805
815,1231.5024271844661,1325.2235161938659,1333.5022123893805
816,1229.2525510204082,1323.6336357467258,1333.5022123893805
817,1229.2525510204082,1331.4941719329438,1333.5022123893805
818,1217.2522522522522,1331.4370452604367,1333.5022123893805
819,1217.2522522522522,1331.4297518342546,1333.5022123893805
82,1160.252659574468,1189.2561491885283,1193.252840909091
820,1229.2525510204082,1332.0415238206313,1333.5022123893805
821,1229.2525510204082,1332.1231981511312,1333.5022123893805
822,1261.502192982456,1332.1918226066643,1333.5022123893805
823,1261.502192982456,1332.1918226066643,1333.5022123893805
824,1261.502192982456,1332.1918226066643,1333.5022123893805
825,1261.502192982456,1332.1918226066643,1333.5022123893805
826,1261.502192982456,1332.1918226066643,1333.5022123893805
827,1261.502192982456,1332.480048140717,1333.5022123893805
828,1261.502192982456,1332.480048140717,1333.5022123893805
829,1261.502192982456,1332.480048140717,1333.5022123893805
83,1160.252659574468,1189.2561491885283,1193.252840909091
830,1270.5022522522522,1332.5057733416393,1333.5022123893805
831,1272.7522123893805,1332.5098241303622,1333.5022123893805
832,1272.7522123893805,1332.5098241303622,1333.5022123893805
833,1272.7522123893805,1332.5098241303622,1333.5022123893805
834,1272.7522123893805,1332.5098241303622,1333.5022123893805
835,1272.7522123893805,1332.5098241303622,1333.5022123893805
836,1272.7522123893805,1332.5098241303622,1333.5022123893805
837,1272.7522123893805,1332.5098241303622,1333.5022123893805
838,1282.5022935779816,1332.9614003474298,1333.5022123893805
839,1282.5022935779816,1332.9614003474298,1333.5022123893805
84,1185.0030120481927,1190.2123206500273,1193.252840909091
840,1282.5022935779816,1332.9614003474298,1333.5022123893805
841,1283.2526041666667,1332.989675601547,1333.5022123893805
842,1283.2526041666667,1332.989675601547,1333.5022123893805
843,1283.2526041666667,1332.989675601547,1333.5022123893805
844,1283.2526041666667,1332.989675601547,1333.5022123893805
845,1287.0022727272728,1332.9900505684034,1333.5022123893805
846,1287.0022727272728,1332.9900505684034,1333.5022123893805
847,1287.0022727272728,1332.9900505684034,1333.5022123893805
848,1287.0022727272728,1332.9900505684034,1333.5022123893805
849,1287.0022727272728,1332.9900505684034,1333.5022123893805
85,1092.7525,1182.54963204851,1193.252840909091
850,1287.0022727272728,1332.9900505684034,1333.5022123893805
851,1287.0022727272728,1332.9900505684034,1333.5022123893805
852,1287.0022727272728,1333.0086506745185,1333.5022123893805
853,1287.0022727272728,1333.0086506745185,1333.5022123893805
854,1287.0022727272728,1333.0086506745185,1333.5022123893805
855,1287.0022727272728,1333.0086506745185,1333.5022123893805
856,1287.0022727272728,1333.0086506745185,1333.5022123893805
857,1287.0022727272728,1333.0086506745185,1333.5022123893805
858,1287.0022727272728,1333.0086506745185,1333.5022123893805
859,1287.0022727272728,1333.0086506745185,1333.5022123893805
86,1092.7525,1185.8818814478323,1193.252840909091
860,1287.0022727272728,1333.0086506745185,1333.5022123893805
861,1287.0022727272728,1333.0086506745185,1333.5022123893805
862,1287.0022727272728,1333.0086506745185,1333.5022123893805
863,1287.0022727272728,1333.0086506745185,1333.5022123893805
864,1287.0022727272728,1333.0086506745185,1333.5022123893805
865,1287.0022727272728,1333.0086506745185,1333.5022123893805
866,1287.0022727272728,1333.0086506745185,1333.5022123893805
867,1287.0022727272728,1333.0086506745185,1333.5022123893805
868,1299.7524752475247,1333.0099256947706,1333.5022123893805
869,1299.7524752475247,1333.0099256947706,1333.5022123893805
87,1092.7525,1185.5929203003095,1193.252840909091
870,1299.7524752475247,1333.0099256947706,1333.5022123893805
871,1299.7524752475247,1333.0099256947706,1333.5022123893805
872,1299.7524752475247,1333.0099256947706,1333.5022123893805
873,1299.7524752475247,1333.0099256947706,1333.5022123893805
874,1299.7524752475247,1333.0099256947706,1333.5022123893805
875,1305.0024038461538,1333.2271520149704,1333.5022123893805
876,1305.0024038461538,1333.2271520149704,1333.5022123893805
877,1305.0024038461538,1333.2271520149704,1333.5022123893805
878,1305.0024038461538,1333.2271520149704,1333.5022123893805
879,1314.0026041666667,1333.2307520950985,1333.5022123893805
88,1086.002688172043,1185.513240146591,1193.252840909091
880,1314.0026041666667,1333.2307520950985,1333.5022123893805
881,1314.0026041666667,1333.2307520950985,1333.5022123893805
882,1314.0026041666667,1333.2307520950985,1333.5022123893805
883,1314.0026041666667,1333.2307520950985,1333.5022123893805
884,1314.0026041666667,1333.2307520950985,1333.5022123893805
885,1314.0026041666667,1333.2307520950985,1333.5022123893805
886,1314.0026041666667,1333.2307520950985,1333.5022123893805
887,1314.0026041666667,1333.2307520950985,1333.5022123893805
888,1314.0026041666667,1333.2307520950985,1333.5022123893805
889,1314.0026041666667,1333.2307520950985,1333.5022123893805
89,1092.7525,1185.753561181313,1193.252840909091
890,1314.0026041666667,1333.2307520950985,1333.5022123893805
891,1314.0026041666667,1333.2307520950985,1333.5022123893805
892,1314.0026041666667,1333.2307520950985,1333.5022123893805
893,1314.0026041666667,1333.2307520950985,1333.5022123893805
894,1331.252659574468,1333.50196243934,1333.5022123893805
895,1238.2525,1325.878500404135,1333.5022123893805
896,1238.2525,1324.2694739066383,1333.5022123893805
897,1238.2525,1324.977967636764,1333.5022123893805
898,1233.7524038461538,1324.9323548548687,1333.5022123893805
899,1250.252358490566,1333.4927124555734,1333.5022123893805
9,1047.752659574468,1094.136633966758,1099.503048780488
90,1092.7525,1185.8152204590835,1193.252840909091
900,1225.5024271844661,1324.8495157503812,1333.5022123893805
901,1225.5024271844661,1324.1986900926422,1333.5022123893805
902,1225.5024271844661,1327.2026298630942,1333.5022123893805
903,1225.5024271844661,1328.0939867187171,1333.5022123893805
904,1225.5024271844661,1328.0939867187171,1333.5022123893805
905,1225.5024271844661,1328.0939867187171,1333.5022123893805
906,1225.5024271844661,1328.0939867187171,1333.5022123893805
907,1281.7524752475247,1333.4904624977526,1333.5022123893805
908,1203.0023148148148,1322.826141888259,1333.5022123893805
909,1203.0023148148148,1320.8659568407988,1333.5022123893805
91,1092.7525,1185.8984692051142,1193.252840909091
910,1203.0023148148148,1322.2562113691301,1333.5022123893805
911,1203.0023148148148,1325.4276074977904,1333.5022123893805
912,1203.0023148148148,1325.9160664688309,1333.5022123893805
913,1224.0024509803923,1326.649787353724,1333.5022123893805
914,1239.752358490566,1326.654512325977,1333.5022123893805
915,1252.5025252525252,1326.6611120131531,1333.5022123893805
916,1252.5025252525252,1337.7416127532629,1346.2525
917,1252.5025252525252,1337.7416127532629,1346.2525
918,1252.5025252525252,1337.7416127532629,1346.2525
919,1252.5025252525252,1337.7416127532629,1346.2525
92,1100.252659574468,1185.8992192210717,1193.252840909091
920,1252.5025252525252,1337.7416127532629,1346.2525
921,1252.5025252525252,1337.7416127532629,1346.2525
922,1252.5025252525252,1337.7416127532629,1346.2525
923,1252.5025252525252,1337.7416127532629,1346.2525
924,1252.5025252525252,1337.7416127532629,1346.2525
925,1253.2524271844661,1337.7491128709448,1346.2525
926,1258.5025252525252,1337.7501628905586,1346.2525
927,1258.5025252525252,1337.7501628905586,1346.2525
928,1258.5025252525252,1337.7501628905586,1346.2525
929,1258.5025252525252,1337.7501628905586,1346.2525
93,1100.252659574468,1185.8992192210717,1193.252840909091
930,1258.5025252525252,1337.7501628905586,1346.2525
931,1258.5025252525252,1337.7501628905586,1346.2525
932,1258.5025252525252,1337.7501628905586,1346.2525
933,1258.5025252525252,1337.7501628905586,1346.2525
934,1258.5025252525252,1337.7501628905586,1346.2525
935,1258.5025252525252,1338.1315375220213,1346.2525
936,1258.5025252525252,1338.1315375220213,1346.2525
937,1258.5025252525252,1338.1315375220213,1346.2525
938,1258.5025252525252,1338.1315375220213,1346.2525
939,1258.5025252525252,1338.1315375220213,1346.2525
94,1100.252659574468,1185.8992192210717,1193.252840909091
940,1260.0025,1338.1372371255566,1346.2525
941,1260.0025,1338.1372371255566,1346.2525
942,1260.0025,1338.1372371255566,1346.2525
943,1260.0025,1338.1372371255566,1346.2525
944,1260.0025,1338.1372371255566,1346.2525
945,1260.0025,1338.1372371255566,1346.2525
946,1260.0025,1338.1372371255566,1346.2525
947,1263.0022727272728,1338.1624366552078,1346.2525
948,1263.0022727272728,1338.1624366552078,1346.2525
949,1263.0022727272728,1338.1624366552078,1346.2525
95,1101.752358490566,1185.8993691909634,1193.252840909091
950,1263.0022727272728,1338.1624366552078,1346.2525
951,1263.0022727272728,1338.1624366552078,1346.2525
952,1263.0022727272728,1338.1631866552077,1346.2525
953,1264.5025252525252,1338.1633366804604,1346.2525
954,1264.5025252525252,1338.1633366804604,1346.2525
955,1264.5025252525252,1338.1633366804604,1346.2525
956,1264.5025252525252,1338.1633366804604,1346.2525
957,1266.7522727272728,1338.9816596745068,1346.2525
958,1266.7522727272728,1338.9816596745068,1346.2525
959,1266.7522727272728,1338.9816596745068,1346.2525
96,1106.2522727272728,1185.899819182387,1193.252840909091
960,1266.7522727272728,1338.9816596745068,1346.2525
961,1266.7522727272728,1338.9816596745068,1346.2525
962,1266.7522727272728,1338.9816596745068,1346.2525
963,1266.7522727272728,1338.9816596745068,1346.2525
964,1266.7522727272728,1338.9816596745068,1346.2525
965,1266.7522727272728,1338.9816596745068,1346.2525
966,1266.7522727272728,1338.9816596745068,1346.2525
967,1266.7522727272728,1338.9816596745068,1346.2525
968,1266.7522727272728,1338.9816596745068,1346.2525
969,1266.7522727272728,1338.9816596745068,1346.2525
97,1106.2522727272728,1185.899819182387,1193.252840909091
970,1266.7522727272728,1338.9816596745068,1346.2525
971,1266.7522727272728,1338.9816596745068,1346.2525
972,1266.7522727272728,1338.9816596745068,1346.2525
973,1266.7522727272728,1338.9816596745068,1346.2525
974,1266.7522727272728,1338.9816596745068,1346.2525
975,1266.7522727272728,1338.9816596745068,1346.2525
976,1333.5022123893805,1341.5958116252614,1346.2525
977,1217.2524271844661,1331.8076999828625,1346.2525
978,1217.2524271844661,1329.6334735760734,1346.2525
979,1215.7526041666667,1329.1778589755133,1346.2525
98,1109.2523148148148,1185.976770848336,1193.252840909091
980,1195.502336448598,1329.1511238710077,1346.2525
981,1207.5022522522522,1329.1535238541687,1346.2525
982,1207.5022522522522,1329.1535238541687,1346.2525
983,1208.2524038461538,1329.1536738844873,1346.2525
984,1208.2524038461538,1333.1103640016665,1346.2525
985,1215.7526041666667,1334.0909123889678,1346.2525
986,1217.2524271844661,1334.3163619667391,1346.2525
987,1265.2523148148148,1334.335711944265,1346.2525
988,1269.0023148148148,1334.336461944265,1346.2525
989,1269.0023148148148,1334.336461944265,1346.2525
99,1109.2523148148148,1185.976770848336,1193.252840909091
990,1269.0023148148148,1334.336461944265,1346.2525
991,1269.0023148148148,1334.336461944265,1346.2525
992,1269.0023148148148,1334.336461944265,1346.2525
993,1269.0023148148148,1334.336461944265,1346.2525
994,1269.0023148148148,1334.336461944265,1346.2525
995,1269.0023148148148,1334.336461944265,1346.2525
996,1269.0023148148148,1334.336461944265,1346.2525
997,1269.0023148148148,1334.336461944265,1346.2525
998,1269.0023148148148,1334.336461944265,1346.2525
999,1269.0023148148148,1334.336461944265,1346.2525
